Unnamed: 0	v_call	j_call	ncdr1	ncdr2	ncdr3	acdr1	acdr2	acdr3
298	TRBV29-1	TRBJ2-1	5	7	12	SQVTM	ANQGSEA	SVSGTSVYNEQF
404	TRBV7-2	TRBJ2-1	5	6	11	SGHTA	FQGNSA	ASSMADSDTQY
538	TRBV7-2	TRBJ2-5	5	6	13	SGHTA	FQGNSA	ASSLPTYYQKTQY
274	TRBV5-1	TRBJ2-3	5	6	11	SGHRS	YFSETQ	ASSLEGGTAQY
446	TRBV9	TRBJ2-7	5	6	13	SGDLS	YYNGEE	ASSVLGDSTYEQY
134	TRBV7-8	TRBJ2-7	5	6	10	SGHVS	FQNEAQ	ASSLVRDCQY
450	TRBV5-1	TRBJ2-3	5	6	13	SGHRS	YFSETQ	ASSLETTSTDTQY
292	TRBV6-3	TRBJ2-5	5	6	11	MNHEY	SVGEGT	ASSYVNDETQY
130	TRBV7-2	TRBJ2-3	5	6	12	SGHTA	FQGNSA	ASSLIGETDTQY
456	TRBV7-2	TRBJ2-7	5	6	12	SGHTA	FQGNSA	ASSSPTGGMEQY
286	TRBV7-8	TRBJ2-7	5	6	10	SGHVS	FQNEAQ	ASSSAGSEQY
560	TRBV7-2	TRBJ2-1	5	6	13	SGHTA	FQGNSA	ASSLRAVGYNEQF
338	TRBV5-1	TRBJ2-1	5	6	11	SGHRS	YFSETQ	ASSSGVDNEQF
162	TRBV5-1	TRBJ2-5	5	6	12	SGHRS	YFSETQ	ASSLTGGSETQY
260	TRBV20-1	TRBJ2-7	6	7	11	DFQATT	SNEGSKA	SAQDSAPTEQY
336	TRBV14	TRBJ2-1	5	6	13	SGHDN	FVKESK	ASSKGLAGGNKQF
388	TRBV6-1	TRBJ2-3	5	6	13	SGHTA	FQGTGA	ASSRLAGSTDTQY
306	TRBV27	TRBJ2-7	5	6	10	MNHEY	SMNVEV	ASSTGADEQY
552	TRBV5-1	TRBJ1-3	5	6	11	SGHRS	YFSETQ	ASSLRKGDEQF
590	TRBV7-2	TRBJ2-1	5	6	13	SGHTA	FQGNSA	ASRLGSGKHNEQF
4	TRBV9	TRBJ2-1	5	6	15	SGDLS	YYNGEE	ASSVEAPFDSYNEQF
462	TRBV28	TRBJ2-7	5	6	12	MDHEN	SYDVKM	ASSSRDQTYEQY
16	TRBV27	TRBJ1-5	5	6	13	MNHEY	SMNVEV	ASGLQGTANQPQH
408	TRBV5-7	TRBJ1-1	5	6	10	SGHTS	YYEKEE	ASSLRGTEAF
466	TRBV6-5	TRBJ2-7	5	6	11	MNHEY	SVGAGI	ASSYSKGSEQY
74	TRBV11-2	TRBJ2-7	5	6	11	SGHAT	FQNNGV	ASSLTGSYEQY
284	TRBV14	TRBJ2-3	5	6	11	SGHDN	FVKESK	ASSQSPGGTQY
40	TRBV20-1	TRBJ2-3	6	7	12	DFQATT	SNEGSKA	SARVRGLTDTQY
106	TRBV4-1	TRBJ2-2	5	6	15	MGHRA	YSYEKL	ASSQEGRTSLTGELF
2	TRBV11-2	TRBJ2-5	5	6	12	SGHAT	FQNNGV	ASSLHTVQETQY
100	TRBV7-9	TRBJ2-3	5	6	9	SEHNR	FQNEAQ	ASSLKDTQY
370	TRBV3-1	TRBJ2-7	5	6	10	LGHDT	YNNKEL	ASSQNRGEQY
546	TRBV5-1	TRBJ2-1	5	6	11	SGHRS	YFSETQ	ASSLEQGDEQF
110	TRBV7-2	TRBJ2-3	5	6	11	SGHTA	FQGNSA	ATSSHYTDTQY
484	TRBV28	TRBJ2-3	5	6	13	MDHEN	SYDVKM	ASSLGGSHTDTQY
290	TRBV14	TRBJ1-1	5	6	13	SGHDN	FVKESK	ASSRSQGEGTEAF
90	TRBV7-2	TRBJ2-2	5	6	14	SGHTA	FQGNSA	ASSLMLGANTGELF
394	TRBV14	TRBJ2-1	5	6	13	SGHDN	FVKESK	ASSQVHSTTDTQY
112	TRBV4-1	TRBJ2-2	5	6	15	MGHRA	YSYEKL	ASSRVSYGTNTLELF
348	TRBV7-2	TRBJ2-5	5	6	13	SGHTA	FQGNSA	ASSLRGIPAETQY
382	TRBV20-1	TRBJ2-1	6	7	10	DFQATT	SNEGSKA	SAVGQGDRQF
354	TRBV20-1	TRBJ1-3	6	7	9	DFQATT	SNEGSKA	SARDQLEQY
26	TRBV5-1	TRBJ2-1	5	6	14	SGHRS	YFSETQ	ASSLMGSGSYNEQF
368	TRBV5-1	TRBJ1-5	5	6	12	SGHRS	YFSETQ	ASSGSGGNQPQH
592	TRBV7-2	TRBJ2-7	5	6	14	SGHTA	FQGNSA	ASSLFSGRYGYEQY
216	TRBV7-2	TRBJ2-7	5	6	12	SGHTA	FQGNSA	ASSLNGRAYEQY
86	TRBV20-1	TRBJ2-3	6	7	11	DFQATT	SNEGSKA	SARDPRGNTQY
544	TRBV5-8	TRBJ2-5	5	6	12	SGHTS	YDEGEE	ASSLFGTPRKQY
294	TRBV24-1	TRBJ2-1	5	6	13	KGHDR	SFDVKD	ATSDLVSVGNEQF
444	TRBV20-1	TRBJ2-1	6	7	11	DFQATT	SNEGSKA	SARTGSYNEQF
324	TRBV14	TRBJ2-1	5	6	11	SGHDN	FVKESK	ASSQGLVGEQF
42	TRBV20-1	TRBJ2-3	6	7	12	DFQATT	SNEGSKA	SATLSGLTDTQY
478	TRBV5-1	TRBJ2-1	5	6	12	SGHRS	YFSETQ	ASSFRQGYNEQF
148	TRBV20-1	TRBJ2-1	6	7	12	DFQATT	SNEGSKA	SLLAHVGGNEQF
326	TRBV7-2	TRBJ2-2	5	6	16	SGHTA	FQGNSA	ASSHHNPLAANTGELF
64	TRBV7-9	TRBJ2-7	5	6	14	SEHNR	FQNEAQ	ASSSPLAAGSPEQY
322	TRBV5-1	TRBJ2-1	5	6	13	SGHRS	YFSETQ	ASSLTNGDYNEQF
358	TRBV24-1	TRBJ1-5	5	6	13	MDHEN	SYDVKM	ASSLGGAHGQPQH
422	TRBV6-6	TRBJ2-7	5	6	14	MNHNY	SVGAGI	ASSESPGQGSYEQY
136	TRBV9	TRBJ2-7	5	6	13	SGDLS	YYNGEE	ASSVAGTGDEEQY
524	TRBV20-1	TRBJ2-3	6	7	12	DFQATT	SNEGSKA	SARKVGGTDTQY
30	TRBV5-1	TRBJ2-3	5	6	11	SGHRS	YFSETQ	ASPLGVTDTQY
498	TRBV7-2	TRBJ2-5	5	6	13	SGHTA	FQGNSA	ASSLVSGDYNEQF
332	TRBV7-2	TRBJ2-3	5	6	10	SGHTA	FQGNSA	ASSSPSNTQY
214	TRBV20-1	TRBJ2-5	6	7	11	DFQATT	SNEGSKA	SARSTGGCTQY
386	TRBV5-1	TRBJ2-1	5	6	13	SGHRS	YFSETQ	ASSLSVAGGFEQF
572	TRBV7-2	TRBJ1-4	5	6	13	SGHTA	FQGNSA	ASSLAPGRWKKLF
346	TRBV7-9	TRBJ1-1	5	6	13	SEHNR	FQNEAQ	ASSLEGNRGAEAF
372	TRBV5-1	TRBJ2-7	5	6	12	SGHRS	YFSETQ	ASSLAGVKDEQY
218	TRBV28	TRBJ2-5	5	6	10	MDHEN	SYDVKM	ASSEMQITQY
184	TRBV20-1	TRBJ2-2	6	7	13	DFQATT	SNEGSKA	SASPTSGSSGELF
318	TRBV11-2	TRBJ2-7	5	6	11	SGHAT	FQNNGV	ASSLDRNNEQY
44	TRBV3-1	TRBJ2-3	5	6	13	LGHDT	YNNKEL	ASSQVGGRRDTQY
344	TRBV20-1	TRBJ2-5	6	7	10	DFQATT	SNEGSKA	SARDFVEHQY
258	TRBV7-8	TRBJ2-7	5	6	12	SGHVS	FQNEAQ	ASSSLLADYEQY
138	TRBV5-7	TRBJ2-2	5	6	10	SGHTS	YYEKEE	ASSLGQHELF
246	TRBV5-7	TRBJ2-1	5	6	10	SGHTS	YYEKEE	ASSLRGNEQF
580	TRBV7-8	TRBJ2-3	5	6	14	SGHVS	FQNEAQ	ASSLARRGGGNTQY
586	TRBV20-1	TRBJ1-4	6	7	12	DFQATT	SNEGSKA	SAGRLNWNTEAF
180	TRBV20-1	TRBJ2-1	6	7	13	DFQATT	SNEGSKA	SARAPRGKYNEQF
24	TRBV24-1	TRBJ2-1	5	6	14	KGHDR	SFDVKD	ATSDLGTGEGNEQF
88	TRBV7-2	TRBJ2-7	5	6	11	SGHTA	FQGNSA	ASSSGQTQEQY
160	TRBV11-2	TRBJ2-4	5	6	11	SGHAT	FQNNGV	ASSLGGENIQY
440	TRBV27	TRBJ2-2	5	6	12	MNHEY	SMNVEV	ASGFSGNTGELF
242	TRBV20-1	TRBJ1-1	6	7	11	DFQATT	SNEGSKA	SALQGIGAEAF
340	TRBV7-8	TRBJ2-1	5	6	12	SGHVS	FQNEAQ	ASCSWDLYNEQF
518	TRBV5-1	TRBJ2-3	5	6	12	SGHRS	YFSETQ	ASSLGMRTDTQY
470	TRBV7-9	TRBJ2-5	5	6	11	SEHNR	FQNEAQ	ASSPGLEQTQY
188	TRBV20-1	TRBJ1-1	6	7	11	DFQATT	SNEGSKA	SAGTGENTEAF
82	TRBV27	TRBJ2-3	5	6	12	MNHEY	SMNVEV	ASSLNEISDTQY
426	TRBV7-2	TRBJ2-7	5	6	14	SGHTA	FQGNSA	ASSPEPINGAREQY
102	TRBV5-1	TRBJ2-5	6	7	12	DFQATT	SNEGSKA	SARDGRAPETQY
424	TRBV5-1	TRBJ2-7	5	6	10	SGHRS	YFSETQ	ASSLNSLEQY
522	TRBV28	TRBJ2-1	5	6	14	MDHEN	SYDVKM	ASSLSTSGSHNEQF
490	TRBV2	TRBJ2-7	5	6	13	SNHLY	FYNNEI	ASSEAGCGANWQY
268	TRBV28	TRBJ2-7	5	6	10	MDHEN	SYDVKM	ASSLNSREQY
568	TRBV28	TRBJ2-3	5	6	13	MDHEN	SYDVKM	ASSAGQGDTDTQY
436	TRBV7-6	TRBJ2-3	5	6	12	SGHVS	FNYEAQ	ASSLARGTDTQY
300	TRBV11-2	TRBJ2-7	5	6	11	SGHAT	FQNNGV	ASSLGVASEQY
230	TRBV4-1	TRBJ1-4	5	6	14	MGHRA	YSYEKL	ASSCSLTAPNEKLF
576	TRBV5-7	TRBJ2-1	5	6	12	SGHAT	FQNNGV	ASSLGLEVNEQF
454	TRBV24-1	TRBJ2-1	5	6	12	KGHDR	SFDVKD	ATSDAGVYNEQF
416	TRBV7-8	TRBJ2-5	5	6	14	SGHVS	FQNEAQ	ASSLRLASLEETQY
406	TRBV3-1	TRBJ2-3	5	6	10	LGHDT	YNNKEL	ASSQAEDTQY
128	TRBV7-2	TRBJ2-1	5	6	14	SGHTA	FQGNSA	ASSLAGTSGLREQF
316	TRBV5-1	TRBJ2-1	5	6	12	SGHRS	YFSETQ	ASSLEGKHNEQF
154	TRBV29-1	TRBJ2-5	5	7	12	SQVTM	ANQGSEA	SVEGAARGETQY
34	TRBV20-1	TRBJ2-1	6	7	14	DFQATT	SNEGSKA	SARDTFAGKYNEQF
384	TRBV4-3	TRBJ2-3	5	6	13	LGHNA	YSLEER	ASSSRGMGQDTQY
66	TRBV5-1	TRBJ1-3	5	6	12	SGHRS	YFSETQ	ASSLAVIRNTIY
140	TRBV5-8	TRBJ2-7	5	6	13	SGHTS	YDEGEE	ASSLDGGLSYEQY
508	TRBV28	TRBJ2-5	5	6	13	MDHEN	SYDVKM	ASSTTGGSQETQY
236	TRBV20-1	TRBJ1-3	6	7	15	DFQATT	SNEGSKA	SARVAGGSLAYNEQF
80	TRBV11-2	TRBJ2-2	5	6	12	SGHAT	FQNNGV	ASSSLYNTGELF
296	TRBV5-7	TRBJ2-7	5	6	12	SGHTS	YYEKEE	ASSPGQGTYEQY
132	TRBV20-1	TRBJ2-3	6	7	12	DFQATT	SNEGSKA	SARRLASTDTQY
20	TRBV7-2	TRBJ2-7	5	6	11	SGHTA	FQGNSA	ASSPGVPYEQY
452	TRBV5-1	TRBJ2-3	5	6	10	SGHRS	YFSETQ	ASSLSEDTQY
168	TRBV6-6	TRBJ2-7	5	6	12	MNHNY	SVGAGI	ASSYSTASYEQY
536	TRBV7-9	TRBJ2-3	5	6	11	SEHNR	FQNEAQ	ASSLYHTDTQY
104	TRBV19	TRBJ2-1	5	6	10	LNHDA	SQIVND	ASSILSNEQF
492	TRBV20-1	TRBJ2-1	6	7	13	DFQATT	SNEGSKA	SARETLPGGNDQF
158	TRBV20-1	TRBJ2-7	6	7	10	DFQATT	SNEGSKA	SARQGEREQY
420	TRBV19	TRBJ1-1	5	6	11	LNHDA	SQIVND	ASSRPGDTIAF
182	TRBV7-8	TRBJ2-1	5	6	13	SGHVS	FQNEAQ	ASSSSGSSWNEQF
448	TRBV5-1	TRBJ2-7	5	6	11	SGHRS	YFSETQ	ASGLEQGYEQY
14	TRBV5-7	TRBJ2-7	5	6	12	SGHTS	YYEKEE	ASSLMTEAYEQY
532	TRBV11-2	TRBJ2-7	5	6	15	SGHAT	FQNNGV	ASSHGGGFTKSYEQY
208	TRBV28	TRBJ2-3	5	6	10	MDHEN	SYDVKM	ASRLGGRTQY
226	TRBV7-2	TRBJ2-7	5	6	14	SGHTA	FQGNSA	ASSSDRGQSSYEQY
516	TRBV20-1	TRBJ2-3	6	7	11	DFQATT	SNEGSKA	SARGVRADTQY
146	TRBV7-2	TRBJ2-3	5	6	11	SGHTA	FQGNSA	ASSSFKTGTQY
574	TRBV7-2	TRBJ2-1	5	6	14	SGHTA	FQGNSA	ASSLVGTSGYNEQF
256	TRBV9	TRBJ2-2	5	6	10	SGDLS	YYNGEE	ASSPNTGELF
116	TRBV7-2	TRBJ2-3	5	6	11	SGHTA	FQGNSA	ASSLLLTDTQY
142	TRBV20-1	TRBJ2-1	6	7	14	DFQATT	SNEGSKA	SAGRVSSGNNNEQF
38	TRBV18	TRBJ2-5	5	6	11	KGHSH	LQKENI	ASSPGQVETQY
496	TRBV6-3	TRBJ2-2	5	6	13	MNHEY	SVGEGT	ASSRTSGHTGELF
376	TRBV9	TRBJ2-1	5	6	13	SGDLS	YYNGEE	ASSVAGQGYAEQF
288	TRBV11-2	TRBJ1-1	5	6	12	SGHAT	FQNNGV	ASSLRTGNTEAF
170	TRBV4-1	TRBJ1-1	5	6	11	MGHRA	YSYEKL	ASSQGQYTEAF
502	TRBV20-1	TRBJ2-7	6	7	10	DFQATT	SNEGSKA	SAPDGAHEQY
224	TRBV7-2	TRBJ2-7	5	6	11	SGHTA	FQGNSA	ASSPRRHYEQY
504	TRBV6-5	TRBJ2-1	5	6	13	MNHEY	SVGAGI	ASSYSGGGEYEQF
10	TRBV9	TRBJ2-7	5	6	11	SGDLS	YYNGEE	ASSVSAGYEQY
266	TRBV7-2	TRBJ2-7	5	6	14	SGHTA	FQGNSA	ASSLEFGPKAYEQY
308	TRBV5-1	TRBJ2-7	5	6	11	SGHRS	YFSETQ	ASMSMSHNEQF
200	TRBV4-1	TRBJ2-7	5	6	13	MGHRA	YSYEKL	ASSQVTSGGYEQY
378	TRBV3-1	TRBJ2-7	5	6	12	MDHEN	SYDVKM	ASSLLGPSYEQY
528	TRBV18	TRBJ2-7	5	6	11	SGDLS	YYNGEE	ASSVVGGREQY
302	TRBV20-1	TRBJ2-7	6	7	10	DFQATT	SNEGSKA	SAYVPPYEQY
494	TRBV20-1	TRBJ2-7	6	7	11	DFQATT	SNEGSKA	SARETVSYEQY
232	TRBV20-1	TRBJ2-5	6	7	11	DFQATT	SNEGSKA	SALPSAIATQY
334	TRBV28	TRBJ2-5	5	6	9	MDHEN	SYDVKM	ASSFMNEQY
460	TRBV4-1	TRBJ2-5	5	6	12	MGHRA	YSYEKL	ASSQLAGPETQY
486	TRBV19	TRBJ2-3	5	6	9	LNHDA	SQIVND	ASSILDTQY
70	TRBV7-2	TRBJ1-4	5	6	14	SGHTA	FQGNSA	ASSKNPLATNEKLF
534	TRBV7-2	TRBJ1-1	5	6	13	SGHTA	FQGNSA	ASSFSGTGGTEAF
240	TRBV7-2	TRBJ2-7	5	6	11	SGHTA	FQGNSA	ASSYGQHYEQY
78	TRBV5-1	TRBJ2-5	5	6	11	SGHRS	YFSETQ	ASSLLGDETQY
36	TRBV9	TRBJ2-7	5	6	14	SGDLS	YYNGEE	ASSVGSSGIRYEQY
210	TRBV14	TRBJ1-4	5	6	13	SGHDN	FVKESK	ASSQAGVTNEDLF
196	TRBV3-1	TRBJ2-7	5	6	12	LGHDT	YNNKEL	ASSQLSAGREQY
68	TRBV7-8	TRBJ2-1	5	6	11	SGHVS	FQNEAQ	ASSLAFNNEQF
510	TRBV28	TRBJ2-7	5	6	12	MDHEN	SYDVKM	ASTLFGDSYEQY
566	TRBV24-1	TRBJ2-1	5	6	12	KGHDR	SFDVKD	ATSDAGAYREQF
156	TRBV28	TRBJ2-5	5	6	13	MDHEN	SYDVKM	ASSTTGGSQEIQY
248	TRBV9	TRBJ2-7	5	6	12	SGDLS	YYNGEE	ASNVEQGRSEQY
94	TRBV20-1	TRBJ2-5	6	7	11	DFQATT	SNEGSKA	SARDMQGETQY
98	TRBV7-2	TRBJ2-1	5	6	14	SGHTA	FQGNSA	ASSLDLGSAYNEQF
314	TRBV20-1	TRBJ1-5	6	7	12	DFQATT	SNEGSKA	SAIGRNTYNEQF
202	TRBV7-2	TRBJ2-5	5	6	11	SGHTA	FQGNSA	ASSSGRAETQY
550	TRBV4-3	TRBJ2-7	5	6	14	LGHNA	YSLEER	ASSQDLAQGSSEQY
22	TRBV9	TRBJ2-1	5	6	13	SGDLS	YYNGEE	ASSAQGNTYNEQF
186	TRBV9	TRBJ2-1	5	6	13	SGDLS	YYNGEE	ASSKQGTSYNEQF
58	TRBV20-1	TRBJ2-2	6	7	13	DFQATT	SNEGSKA	SASPASGSQGELF
46	TRBV19	TRBJ2-1	5	6	12	SGHRS	YFSETQ	ASSLQQGNTEAF
76	TRBV20-1	TRBJ2-1	6	7	11	DFQATT	SNEGSKA	SARTSGYNEQF
506	TRBV28	TRBJ2-2	5	6	10	MDHEN	SYDVKM	ASSLRGETQY
164	TRBV4-1	TRBJ2-7	5	6	14	MGHRA	YSYEKL	ASSQEPGTDNWEQY
396	TRBV20-1	TRBJ2-1	6	7	12	DFQATT	SNEGSKA	SAQRGPGGTQAF
190	TRBV28	TRBJ2-7	5	6	10	MDHEN	SYDVKM	ASTSSVYAQY
390	TRBV20-1	TRBJ1-1	6	7	10	DFQATT	SNEGSKA	SASSPVTRAF
402	TRBV9	TRBJ2-1	5	6	13	SGDLS	YYNGEE	ASSVAGTPGGEQF
442	TRBV5-1	TRBJ2-3	5	6	13	SGHRS	YFSETQ	ASSKKPRGTDTQY
474	TRBV27	TRBJ2-7	5	6	11	MNHEY	SMNVEV	ASSFGRSYEQY
562	TRBV9	TRBJ2-7	5	6	11	SGDLS	YYNGEE	ASSNAPEGEQY
204	TRBV18	TRBJ2-7	5	6	9	KGHSH	LQKENI	ASSTGNEQY
412	TRBV3-1	TRBJ2-5	5	6	14	LGHDT	YNNKEL	ASSQSTGGPQETQY
250	TRBV4-1	TRBJ2-1	5	6	14	MGHRA	YSYEKL	ASSQRPGTLYNKQF
398	TRBV28	TRBJ2-1	5	6	13	MDHEN	SYDVKM	ASSLLGHSYNEQF
18	TRBV5-1	TRBJ2-3	5	6	13	SGHRS	YFSETQ	ASSRGQGVTDTQY
548	TRBV11-2	TRBJ2-1	5	6	13	SGHAT	FQNNGV	ASSLVIAEYNEQF
280	TRBV7-3	TRBJ2-4	5	6	12	SGHTA	FQGTGA	ASSLQGAGETQY
262	TRBV3-1	TRBJ2-7	5	6	13	LGHDT	YNNKEL	ASSSDLVSGGEQY
520	TRBV28	TRBJ2-3	5	6	13	MDHEN	SYDVKM	ASRLGAGAADTQY
342	TRBV20-1	TRBJ2-7	6	7	12	DFQATT	SNEGSKA	SACDTGQGEEQY
252	TRBV5-1	TRBJ2-1	5	6	12	SGHRS	YFSETQ	ASSLTSSYNEQF
172	TRBV7-2	TRBJ2-7	5	6	12	SGHTA	FQGNSA	ASDLSRGGGEQY
194	TRBV10-3	TRBJ2-7	5	6	11	ENHRY	SYGVKD	AISGLAVNEQY
150	TRBV19	TRBJ1-1	5	6	11	LNHDA	SQIVND	ASSTYFDSEAF
278	TRBV14	TRBJ1-1	5	6	11	SGHDN	FVKESK	ASSQVGGGEAF
238	TRBV7-2	TRBJ2-5	5	6	10	SGHTA	FQGNSA	ASSSGEETQY
514	TRBV7-9	TRBJ2-7	5	6	10	SEHNR	FQNEAQ	ASSTQLDEQY
176	TRBV20-1	TRBJ1-1	6	7	11	DFQATT	SNEGSKA	SARAGLHTEAF
432	TRBV20-1	TRBJ2-7	6	7	10	DFQATT	SNEGSKA	SAQYRTYEQY
254	TRBV3-1	TRBJ2-5	5	6	15	LGHDT	YNNKEL	ASSHGPSGAYAETQY
374	TRBV27	TRBJ2-7	5	6	14	MNHEY	SMNVEV	ASSLSRAAIPYKQY
8	TRBV6-3	TRBJ2-2	5	6	13	MNHEY	SVGEGT	ASSRASGHTGELF
48	TRBV3-1	TRBJ2-7	5	6	13	LGHDT	YNNKEL	ASSQSSGGREEQY
430	TRBV7-9	TRBJ2-7	5	6	13	SEHNR	FQNEAQ	ASSLERGASYEQY
570	TRBV20-1	TRBJ2-1	6	7	13	DFQATT	SNEGSKA	SAGTSGGTLGEQF
174	TRBV19	TRBJ2-1	5	6	13	LNHDA	SQIVND	ASSSRTSRYNEQF
512	TRBV28	TRBJ2-7	5	6	12	MDHEN	SYDVKM	ASSLCGGEYEQY
476	TRBV6-5	TRBJ2-7	5	6	12	SNHLY	FYNNEI	ASSEGLPSYEQY
320	TRBV7-2	TRBJ2-3	5	6	12	SGHTA	FQGNSA	ASSSGLITDTQY
118	TRBV5-1	TRBJ2-1	5	6	12	SGHRS	YFSETQ	ASSLAGNYNEQF
96	TRBV20-1	TRBJ2-7	6	7	12	DFQATT	SNEGSKA	SARDQPRGYEQY
310	TRBV4-1	TRBJ2-5	5	6	12	MGHRA	YSYEKL	ASSQVGLIEIQY
152	TRBV7-8	TRBJ2-5	5	6	11	SGHVS	FQNEAQ	ASSLTRSETQY
52	TRBV14	TRBJ2-2	5	6	11	SGHDN	FVKESK	ASFEQGAGELF
28	TRBV4-1	TRBJ2-7	5	6	12	MGHRA	YSYEKL	ASSQGQHVYEQY
120	TRBV20-1	TRBJ2-7	6	7	11	DFQATT	SNEGSKA	SASGRDSYEQY
126	TRBV20-1	TRBJ2-5	6	7	11	DFQATT	SNEGSKA	SAIGAGQYEQY
32	TRBV19	TRBJ1-5	5	6	10	LNHDA	SQIVND	ASSIKGVPQH
234	TRBV4-1	TRBJ1-2	5	6	12	MGHRA	YSYEKL	ASSQGQGSYGYT
428	TRBV20-1	TRBJ2-1	6	7	10	DFQATT	SNEGSKA	SARETGEGQF
178	TRBV20-1	TRBJ1-2	6	7	9	DFQATT	SNEGSKA	SARGTKGYT
362	TRBV27	TRBJ2-7	5	6	14	MNHEY	SMNVEV	ASSPPLRGRAYEQY
108	TRBV7-6	TRBJ2-3	5	6	14	SGHVS	FNYEAQ	ASSLGGFSPTDTQY
72	TRBV3-1	TRBJ2-1	5	6	14	LGHDT	YNNKEL	ASSPLAGRSYNEQF
56	TRBV5-1	TRBJ2-2	5	6	14	SGHRS	YFSETQ	ASSLDPAGGYPELF
192	TRBV20-1	TRBJ1-5	6	7	14	DFQATT	SNEGSKA	SASQGAGANNQPQH
50	TRBV28	TRBJ2-1	5	6	13	MDHEN	SYDVKM	ASSLMYASGNEQF
124	TRBV11-2	TRBJ2-2	5	6	13	SGHAT	FQNNGV	ASELGMGRKGELF
6	TRBV2	TRBJ2-3	5	6	13	SNHLY	FYNNEI	ASSESPGSSDTQY
418	TRBV7-9	TRBJ2-7	5	6	13	SEHNR	FQNEAQ	ASSLEGGRSYEQY
60	TRBV7-9	TRBJ2-1	5	6	13	SEHNR	FQNEAQ	ASSLEGTVHYEQF
144	TRBV7-3	TRBJ2-2	5	6	13	SGHTA	FQGTGA	ASSLFRRFTPELF
380	TRBV9	TRBJ2-2	5	6	13	SGDLS	YYNGEE	ASSVHGAGTGELF
62	TRBV3-1	TRBJ2-1	5	6	13	LGHDT	YNNKEL	ASSETSGTYNEQF
392	TRBV5-1	TRBJ2-1	5	6	13	SGHRS	YFSETQ	ASTLVFGNYNEQF
530	TRBV5-1	TRBJ2-1	5	6	13	SGHRS	YFSETQ	ASSLDSGAYNLQF
360	TRBV20-1	TRBJ2-2	6	7	13	DFQATT	SNEGSKA	SATRQGDITGELF
12	TRBV20-1	TRBJ2-7	6	7	13	DFQATT	SNEGSKA	SASRGTGVSYEQY
564	TRBV20-1	TRBJ2-1	6	7	13	DFQATT	SNEGSKA	SARGLAREGGEQF
588	TRBV5-1	TRBJ1-1	5	6	13	SGHRS	YFSETQ	ASSLRQRGSIEAF
352	TRBV19	TRBJ2-7	5	6	12	LNHDA	SQIVND	ASSIEGLAAEQY
356	TRBV27	TRBJ2-2	5	6	12	MNHEY	SMNVEV	ASTLGLNTGMLF
410	TRBV6-5	TRBJ2-7	5	6	12	MNHEY	SVGAGI	ASSLRTGSYEQY
166	TRBV2	TRBJ2-7	5	6	12	SNHLY	FYNNEI	ASSEFTWPYEQY
328	TRBV6-1	TRBJ2-3	5	6	12	MNHNS	SASEGT	ASSEKGQTDTQY
542	TRBV6-3	TRBJ2-3	5	6	12	MNHEY	SVGEGT	ASSTVGWTDTQY
54	TRBV19	TRBJ2-1	5	6	12	LNHDA	SQIVND	ASSTQGLYNGQF
556	TRBV7-3	TRBJ2-5	5	6	12	SGHTA	FQGTGA	ASSLRGAGETQY
434	TRBV7-2	TRBJ2-7	5	6	12	SGHTA	FQGNSA	ASSLEGTYYEQY
222	TRBV5-1	TRBJ1-1	5	6	12	SGHRS	YFSETQ	ASSLEQGGAEAF
500	TRBV20-1	TRBJ2-3	6	7	12	DFQATT	SNEGSKA	SATWTHITDTQY
244	TRBV20-1	TRBJ2-2	6	7	12	DFQATT	SNEGSKA	SARAGGDTGELF
220	TRBV20-1	TRBJ2-3	6	7	12	DFQATT	SNEGSKA	SARGPGGRGTQY
350	TRBV20-1	TRBJ2-1	6	7	12	DFQATT	SNEGSKA	SARSSGPTSEQF
526	TRBV20-1	TRBJ2-5	6	7	12	DFQATT	SNEGSKA	SAKYRADQETRY
304	TRBV3-1	TRBJ2-1	5	6	12	LGHDT	YNNKEL	ASSQGFTGNEQF
212	TRBV11-2	TRBJ2-7	5	6	11	SGHAT	FQNNGV	ASSLGLPYEQY
414	TRBV7-3	TRBJ2-7	5	6	11	SGHTA	FQGTGA	ASSLTATYEQY
228	TRBV14	TRBJ2-3	5	6	11	SGHDN	FVKESK	ASSLTGGNSQY
488	TRBV27	TRBJ2-2	5	6	11	MNHEY	SMNVEV	ASSYGDSYEQY
582	TRBV4-1	TRBJ2-7	5	6	12	MGHRA	YSYEKL	ASSQDCLWGCQY
270	TRBV19	TRBJ2-3	5	6	11	LNHDA	SQIVND	ASSPGERDTQY
364	TRBV5-1	TRBJ2-7	5	6	11	SGHRS	YFSETQ	ASSLAGVDEQY
272	TRBV4-3	TRBJ2-7	5	6	11	LGHNA	YSLEER	ASQQGTGGEQY
578	TRBV20-1	TRBJ2-1	6	7	11	DFQATT	SNEGSKA	SALAGGQSLQF
114	TRBV20-1	TRBJ2-7	6	7	11	DFQATT	SNEGSKA	SAIRAGMNEQY
540	TRBV20-1	TRBJ2-3	6	7	11	DFQATT	SNEGSKA	SANLRYTDTQY
464	TRBV20-1	TRBJ2-1	6	7	11	DFQATT	SNEGSKA	SASDAGGNEQF
438	TRBV20-1	TRBJ2-7	6	7	11	DFQATT	SNEGSKA	SARVGLAYEQY
264	TRBV20-1	TRBJ2-5	6	7	11	DFQATT	SNEGSKA	SARDTIRETQY
92	TRBV20-1	TRBJ1-1	6	7	11	DFQATT	SNEGSKA	SASPGINTEAF
458	TRBV19	TRBJ2-5	5	6	10	LNHDA	SQIVND	ASSIAGETQY
312	TRBV11-2	TRBJ2-7	5	6	11	SGHAT	FQNNGV	ASSLGQFYEQY
468	TRBV28	TRBJ2-5	5	6	10	MDHEN	SYDVKM	ASSSPQATQY
366	TRBV6-3	TRBJ2-3	5	6	10	MNHEY	SVGEGT	ASSYWTDTQY
122	TRBV7-8	TRBJ2-7	5	6	10	SGHVS	FQNEAQ	ASSLASNEQY
206	TRBV7-2	TRBJ2-7	5	6	10	SGHTA	FQGNSA	ASSLGAYEQY
584	TRBV6-3	TRBJ2-3	5	6	10	MNHEY	SVGEGT	ASSGLSDTQY
276	TRBV7-6	TRBJ2-3	6	7	10	DFQATT	SNEGSKA	SAGGGTDTQY
472	TRBV9	TRBJ2-2	5	6	10	SGDLS	YYNGEE	ASSVESGELF
330	TRBV7-8	TRBJ2-7	5	6	9	SGHVS	FQNEAQ	ASSLAIEQY
400	TRBV7-2	TRBJ2-3	5	6	9	SGHTA	FQGNSA	ASSRTDTQY
554	TRBV28	TRBJ2-7	5	6	9	MDHEN	SYDVKM	TSSFMNEQY
480	TRBV20-1	TRBJ2-1	6	7	9	DFQATT	SNEGSKA	SAPAGDEQF
282	TRBV20-1	TRBJ1-1	6	7	9	DFQATT	SNEGSKA	SASLRTEAF
482	TRBV20-1	TRBJ1-2	6	7	9	DFQATT	SNEGSKA	SARSRGGYT
198	TRBV6-3	TRBJ2-3	5	6	10	MNHEY	SVGEGT	ASSRTGDTQY
84	TRBV20-1	TRBJ2-4	6	7	8	DFQATT	SNEGSKA	SASTSEAF
558	TRBV11-2	TRBJ2-7	5	6	8	SGHAT	FQNNGV	ASSSYEQY
